doc_id,stock_code,stock_name,market,announcement_title,announcement_type,publish_date,url,pdf_url,local_pdf_path,download_status,source,crawl_time,error_message,notes
36b0f92b4b5e0fa345f52f21f9b2d912,300750,宁德时代,sz,宁德时代：关于2024年度募集资金存放与使用情况的专项报告,其他,2025-03-15,finalpage/2025-03-15/1222806921.PDF,http://static.cninfo.com.cn/finalpage/2025-03-15/1222806921.PDF,data/pdf\300750_36b0f92b4b5e0fa345f52f21f9b2d912.pdf,success,cninfo,2026-06-05T10:40:42.399134,,
703235112eae33b90b85abe5785de8ba,300750,宁德时代,sz,宁德时代：关于2023年度募集资金存放与使用情况的专项报告,其他,2024-03-16,finalpage/2024-03-16/1219313103.PDF,http://static.cninfo.com.cn/finalpage/2024-03-16/1219313103.PDF,data/pdf\300750_703235112eae33b90b85abe5785de8ba.pdf,success,cninfo,2026-06-05T10:40:52.805194,,
77ab847c58c49e430ec86e6647e55b30,300750,宁德时代,sz,宁德时代：关于2024年半年度募集资金存放与使用情况的专项报告,其他,2024-07-27,finalpage/2024-07-27/1220740374.PDF,http://static.cninfo.com.cn/finalpage/2024-07-27/1220740374.PDF,data/pdf\300750_77ab847c58c49e430ec86e6647e55b30.pdf,success,cninfo,2026-06-05T10:40:49.344505,,
dc3aee0cbdf21460338158aae504969b,300750,宁德时代,sz,宁德时代：关于部分募集资金投资项目延期的公告,其他,2024-07-27,finalpage/2024-07-27/1220740366.PDF,http://static.cninfo.com.cn/finalpage/2024-07-27/1220740366.PDF,data/pdf\300750_dc3aee0cbdf21460338158aae504969b.pdf,success,cninfo,2026-06-05T10:40:49.344505,,
b28b72f7a500395611cbd0f504a28c10,300750,宁德时代,sz,宁德时代：关于使用部分闲置募集资金进行现金管理的公告,其他,2025-06-19,finalpage/2025-06-19/1223934715.PDF,http://static.cninfo.com.cn/finalpage/2025-06-19/1223934715.PDF,data/pdf\300750_b28b72f7a500395611cbd0f504a28c10.pdf,success,cninfo,2026-06-05T10:40:39.105653,,
a18c7118f38b85362c0ce4cbaa0623b8,300750,宁德时代,sz,宁德时代：《募集资金管理制度》（2025年3月修订）,其他,2025-03-15,finalpage/2025-03-15/1222806966.PDF,http://static.cninfo.com.cn/finalpage/2025-03-15/1222806966.PDF,data/pdf\300750_a18c7118f38b85362c0ce4cbaa0623b8.pdf,success,cninfo,2026-06-05T10:40:40.762129,,
b1d5f6f1f63e521fa5d835715dc08f0c,601012,隆基绿能,sh,隆基绿能：2024年度募集资金存放与使用情况专项报告,其他,2025-04-30,finalpage/2025-04-30/1223421501.PDF,http://static.cninfo.com.cn/finalpage/2025-04-30/1223421501.PDF,data/pdf\601012_b1d5f6f1f63e521fa5d835715dc08f0c.pdf,success,cninfo,2026-06-05T10:40:59.337416,,
6a839db6d28e73294ab27c34515af091,601012,隆基绿能,sh,隆基绿能：2023年度募集资金存放与使用情况专项报告,其他,2024-04-30,finalpage/2024-04-30/1219925311.PDF,http://static.cninfo.com.cn/finalpage/2024-04-30/1219925311.PDF,data/pdf\601012_6a839db6d28e73294ab27c34515af091.pdf,success,cninfo,2026-06-05T10:41:08.016660,,
97310127b5333eedf8dbc02c5fe5bd62,601012,隆基绿能,sh,隆基绿能：2024年半年度募集资金存放与使用情况专项报告,其他,2024-08-31,finalpage/2024-08-31/1221087743.PDF,http://static.cninfo.com.cn/finalpage/2024-08-31/1221087743.PDF,data/pdf\601012_97310127b5333eedf8dbc02c5fe5bd62.pdf,success,cninfo,2026-06-05T10:41:04.412888,,
abe1925fe911604ba07ad5dbb87cfd5c,601012,隆基绿能,sh,隆基绿能：关于变更2021年可转债部分募集资金投资项目的公告,其他,2025-05-27,finalpage/2025-05-27/1223684001.PDF,http://static.cninfo.com.cn/finalpage/2025-05-27/1223684001.PDF,data/pdf\601012_abe1925fe911604ba07ad5dbb87cfd5c.pdf,success,cninfo,2026-06-05T10:40:57.606140,,
caddeb69eabdbed765818dba1ae6aa72,601012,隆基绿能,sh,隆基绿能：关于部分募集资金投资项目重新论证并延期实施的公告,其他,2024-12-11,finalpage/2024-12-11/1221980562.PDF,http://static.cninfo.com.cn/finalpage/2024-12-11/1221980562.PDF,data/pdf\601012_caddeb69eabdbed765818dba1ae6aa72.pdf,success,cninfo,2026-06-05T10:41:02.703438,,
354ff82707f209d952182ab1fce9abb3,601012,隆基绿能,sh,隆基绿能：募集资金专项管理制度,其他,2025-05-27,finalpage/2025-05-27/1223683976.PDF,http://static.cninfo.com.cn/finalpage/2025-05-27/1223683976.PDF,data/pdf\601012_354ff82707f209d952182ab1fce9abb3.pdf,success,cninfo,2026-06-05T10:40:57.606140,,
c89fe063e655bcccb77939b1082eab45,300274,阳光电源,sz,阳光电源：关于募集资金年度存放与使用情况的专项报告,其他,2025-04-26,finalpage/2025-04-26/1223308304.PDF,http://static.cninfo.com.cn/finalpage/2025-04-26/1223308304.PDF,data/pdf\300274_c89fe063e655bcccb77939b1082eab45.pdf,success,cninfo,2026-06-05T10:41:33.105797,,
85c3e4358f65add9f94cada9c229894a,300274,阳光电源,sz,阳光电源：关于募集资金年度存放与使用情况的专项报告,其他,2024-04-23,finalpage/2024-04-23/1219740088.PDF,http://static.cninfo.com.cn/finalpage/2024-04-23/1219740088.PDF,data/pdf\300274_85c3e4358f65add9f94cada9c229894a.pdf,success,cninfo,2026-06-05T10:41:45.037991,,
c8b3ee9490312f9e5c885062ca184ef1,300274,阳光电源,sz,阳光电源：2024年半年度募集资金存放与使用情况的专项报告,其他,2024-08-24,finalpage/2024-08-24/1220962524.PDF,http://static.cninfo.com.cn/finalpage/2024-08-24/1220962524.PDF,data/pdf\300274_c8b3ee9490312f9e5c885062ca184ef1.pdf,success,cninfo,2026-06-05T10:41:41.789354,,
8ba1f47dbbe88f4a69ed9d09b21263e1,300274,阳光电源,sz,阳光电源：关于部分募集资金投资项目延期的公告,其他,2024-04-23,finalpage/2024-04-23/1219740080.PDF,http://static.cninfo.com.cn/finalpage/2024-04-23/1219740080.PDF,data/pdf\300274_8ba1f47dbbe88f4a69ed9d09b21263e1.pdf,success,cninfo,2026-06-05T10:41:45.037991,,
cb67e316a4f311616de11a9e0502f801,300274,阳光电源,sz,阳光电源：关于继续使用暂时闲置募集资金购买理财产品的公告,其他,2024-08-24,finalpage/2024-08-24/1220962518.PDF,http://static.cninfo.com.cn/finalpage/2024-08-24/1220962518.PDF,data/pdf\300274_cb67e316a4f311616de11a9e0502f801.pdf,success,cninfo,2026-06-05T10:41:41.789354,,
8f35daa321fc462d9b293395e8e3cc52,300274,阳光电源,sz,阳光电源：募集资金管理办法（2024年10月）,其他,2024-10-14,finalpage/2024-10-14/1221386178.PDF,http://static.cninfo.com.cn/finalpage/2024-10-14/1221386178.PDF,data/pdf\300274_8f35daa321fc462d9b293395e8e3cc52.pdf,success,cninfo,2026-06-05T10:41:39.967011,,
7d20a556470c4d21ecfca3f1e99c00eb,300014,亿纬锂能,sz,亿纬锂能：关于募集资金年度存放与使用情况的专项报告,其他,2025-04-18,finalpage/2025-04-18/1223125816.PDF,http://static.cninfo.com.cn/finalpage/2025-04-18/1223125816.PDF,data/pdf\300014_7d20a556470c4d21ecfca3f1e99c00eb.pdf,success,cninfo,2026-06-05T10:41:55.372616,,
5fd6f17d148a83b9a13ab0096d278163,300014,亿纬锂能,sz,亿纬锂能：关于募集资金年度存放与使用情况的专项报告,其他,2024-04-19,finalpage/2024-04-19/1219668014.PDF,http://static.cninfo.com.cn/finalpage/2024-04-19/1219668014.PDF,data/pdf\300014_5fd6f17d148a83b9a13ab0096d278163.pdf,success,cninfo,2026-06-05T10:42:12.248906,,
56c12a19ec58cb6672a4840cd455044f,300014,亿纬锂能,sz,亿纬锂能：2024年半年度募集资金存放与实际使用情况的专项报告,其他,2024-08-23,finalpage/2024-08-23/1220952733.PDF,http://static.cninfo.com.cn/finalpage/2024-08-23/1220952733.PDF,data/pdf\300014_56c12a19ec58cb6672a4840cd455044f.pdf,success,cninfo,2026-06-05T10:42:05.600739,,
4f29e72b2539510cbbf7359fc187fb1f,300014,亿纬锂能,sz,亿纬锂能：关于使用募集资金置换预先已投入募投项目自筹资金的公告,其他,2025-04-03,finalpage/2025-04-03/1223005575.PDF,http://static.cninfo.com.cn/finalpage/2025-04-03/1223005575.PDF,data/pdf\300014_4f29e72b2539510cbbf7359fc187fb1f.pdf,success,cninfo,2026-06-05T10:41:57.030794,,
9462a156c6119e988dc82182938fd3b2,300014,亿纬锂能,sz,亿纬锂能：关于调整使用闲置募集资金及自有资金进行现金管理额度和有效期的公告,其他,2025-04-03,finalpage/2025-04-03/1223005572.PDF,http://static.cninfo.com.cn/finalpage/2025-04-03/1223005572.PDF,data/pdf\300014_9462a156c6119e988dc82182938fd3b2.pdf,success,cninfo,2026-06-05T10:41:57.030794,,
ef858313e37ad5fec100528ed725e177,300014,亿纬锂能,sz,亿纬锂能：关于注销部分募集资金专项账户的公告,其他,2024-11-20,finalpage/2024-11-20/1221790638.PDF,http://static.cninfo.com.cn/finalpage/2024-11-20/1221790638.PDF,data/pdf\300014_ef858313e37ad5fec100528ed725e177.pdf,success,cninfo,2026-06-05T10:42:00.454712,,
4e048e663b243e681ebbf21310548fe4,300760,迈瑞医疗,sz,迈瑞医疗：关于部分募集资金投资项目结项并将节余募集资金永久补充流动资金的公告,其他,2025-04-29,finalpage/2025-04-29/1223371115.PDF,http://static.cninfo.com.cn/finalpage/2025-04-29/1223371115.PDF,data/pdf\300760_4e048e663b243e681ebbf21310548fe4.pdf,success,cninfo,2026-06-05T10:42:17.088466,,
3f95dc45437b566b79516d26d9151284,300760,迈瑞医疗,sz,迈瑞医疗：2024年度募集资金存放与实际使用情况鉴证报告,其他,2025-04-29,finalpage/2025-04-29/1223371172.PDF,http://static.cninfo.com.cn/finalpage/2025-04-29/1223371172.PDF,data/pdf\300760_3f95dc45437b566b79516d26d9151284.pdf,success,cninfo,2026-06-05T10:42:18.765003,,
b8881909c909b21849abbb54a8612a68,300760,迈瑞医疗,sz,迈瑞医疗：华泰联合证券有限责任公司关于公司2024年度募集资金存放和实际使用情况的专项核查报告,其他,2025-04-29,finalpage/2025-04-29/1223371197.PDF,http://static.cninfo.com.cn/finalpage/2025-04-29/1223371197.PDF,data/pdf\300760_b8881909c909b21849abbb54a8612a68.pdf,success,cninfo,2026-06-05T10:42:18.765003,,
77d07f174876f0a0c8133ac9f8542cb4,300760,迈瑞医疗,sz,迈瑞医疗：关于注销部分募集资金专户的公告,其他,2025-06-13,finalpage/2025-06-13/1223877379.PDF,http://static.cninfo.com.cn/finalpage/2025-06-13/1223877379.PDF,data/pdf\300760_77d07f174876f0a0c8133ac9f8542cb4.pdf,success,cninfo,2026-06-05T10:42:17.088466,,
437a586cebd1d9fc59d010da6dfcea71,603259,药明康德,sh,药明康德：2023年度募集资金存放与实际使用情况的专项报告,其他,2024-03-19,finalpage/2024-03-19/1219331370.PDF,http://static.cninfo.com.cn/finalpage/2024-03-19/1219331370.PDF,data/pdf\603259_437a586cebd1d9fc59d010da6dfcea71.pdf,success,cninfo,2026-06-05T10:41:26.559000,,
e2a8d55e199af3109e6e54a158fc7668,603259,药明康德,sh,药明康德：无锡药明康德新药开发股份有限公司募集资金管理办法（2024年修订）,其他,2024-06-13,finalpage/2024-06-13/1220338005.PDF,http://static.cninfo.com.cn/finalpage/2024-06-13/1220338005.PDF,data/pdf\603259_e2a8d55e199af3109e6e54a158fc7668.pdf,success,cninfo,2026-06-05T10:41:21.333195,,
